Timestamp,In which region are you located?,"What is your primary, current technical domain?","During the last 6 months, how much of your work time have you spent writing or reviewing code or documentation?",Which sector best describes your organization?,What size is your organization?,"When evaluating technical tools for use in a project, how heavily do you and/or your team weigh whether a software option was open-source vs. proprietary?","In the past 6 months, how often have you used open-source software for subsurface or other technical processing, modeling, or analysis?","Thinking about the open-source subsurface toolset you used in the past 6 months, what were the main reasons for choosing it over a proprietary alternative?","In the past 6 months, have you encountered a workflow-breaking bug or security vulnerability in a subsurface open-source tool that delayed your project?","Are you a core contributor to any open source repositories? (In any domain, not only subsurface.)

A 'core contributor' is someone with administrative or write access to the repository. This includes the role of 'maintainer'.","Of the repositories to which you are a core contributor, are any of the projects related to subsurface?","Thinking about the primary subsurface open source project you contribute to, how many other core contributors are there on that project?","Again thinking about this project, how was your time accounted for?","Again thinking about this project, what was the primary funding mechanism keeping the subsurface open-source tools you maintain or help maintain afloat?","Looking ahead to the next 6 to 12 months as a core contributor or maintainer, how do you feel about the following aspects: [Shipping features]","Looking ahead to the next 6 to 12 months as a core contributor or maintainer, how do you feel about the following aspects: [Fixing bugs]","Looking ahead to the next 6 to 12 months as a core contributor or maintainer, how do you feel about the following aspects: [Reviewing contributions]","Looking ahead to the next 6 to 12 months as a core contributor or maintainer, how do you feel about the following aspects: [Getting recognition]","Looking ahead to the next 6 to 12 months as a core contributor or maintainer, how do you feel about the following aspects: [Contributors' use of AI]","Looking ahead to the next 6 to 12 months as a core contributor or maintainer, how do you feel about the following aspects: [Your project's use of AI]","Looking ahead to the next 6 to 12 months as a core contributor or maintainer, how do you feel about the following aspects: [Upstream supply chain attacks]","Looking ahead to the next 6 to 12 months as a core contributor or maintainer, how do you feel about the following aspects: [Your project(s) being attacked]","Looking ahead to the next 6 to 12 months as a core contributor or maintainer, how do you feel about the following aspects: [Project administration]","Looking ahead to the next 6 to 12 months as a core contributor or maintainer, how do you feel about the following aspects: [Community management]","Looking ahead to the next 6 to 12 months as a core contributor or maintainer, how do you feel about the following aspects: [Funding the work]","Looking ahead to the next 6 to 12 months as a core contributor or maintainer, how do you feel about the following aspects: [Strategic planning]","In the past 6 months, how many pull requests (PRs), code commits, or documentation fixes have you submitted to open-source repositories to which you are not a core contributor?","In the past 6 months, what have been the barriers to contributing code or documentation back to the subsurface tools you use?","Thinking about your contributions in the last 6 months, what proportion of them were submitted to subsurface open-source repositories?","In the past 6 months, what kind of contribution(s) have you made? Check all that apply.","How often do you use AI assistants or agentic tools in your work? For example, for help with research, brainstorming, translation, or coding.",To what extent do you trust the assistance of AI assistants and agentic tools?,"In the past 6 months, have you used AI code assistants (e.g., Copilot, ChatGPT, Claude) to write, debug, or document code meant for subsurface open-source applications?","How concerned are you about the security, copyright, or intellectual property (IP) risks of AI-assisted code being merged into open-source repositories your organization depends on?","How concerned are you about the security, copyright, or intellectual property (IP) risks of AI-assisted code being merged into open-source repositories your organization produces?","To what extent do you agree with this statement: ""AI code assistants are lowering the barrier for non-programmers to make use of subsurface open source projects.""","To what extent do you agree with this statement: ""AI code assistants are lowering the barrier for non-programmers to contribute to subsurface open source projects.""","In the past 6 months, how would you characterize your organizational leadership’s general attitude toward adopting open-source software?",Which of the following actions has your organization taken? Select all that apply.,"In the last 6 months, and to the best of your knowledge, have any of your projects been affected by an upstream dependency doing any of the following: [Changing its license]","In the last 6 months, and to the best of your knowledge, have any of your projects been affected by an upstream dependency doing any of the following: [Being forked]","In the last 6 months, and to the best of your knowledge, have any of your projects been affected by an upstream dependency doing any of the following: [Being deprecated]","In the last 6 months, and to the best of your knowledge, have any of your projects been affected by an upstream dependency doing any of the following: [Being attacked or infected]","Based on your observations in the past 6 months, how sustainable do you consider the maintenance health of the subsurface open-source ecosystem?",That's the end of the survey. Is there anything you'd like to share?
5/18/2026 13:52:51,Europe,"Software engineering, computer science, data science",Between 20% and 50%,Operating company,10 000 or more employees,Lean toward open-source options,Daily,"Cost / No licensing fees, Extensibility (ability to write custom plugins/scripts)",No,"Yes, more than one","Yes, all of them",One other,Fully supported and done during my paid organizational working hours,"A single industry source, eg private company",So-so,Hopeful,Nervous,Nervous,Nervous,Anxious or exposed,Nervous,So-so,Nervous,So-so,Hopeful,So-so,None,"No barriers, or the need did not arise",,,Weekly,4,"Yes, occasionally",4,3,4,2,"Supportive but passive (Permitted, but not actively strategized)",None of the above,"Yes, with negative effects on us",No,"Yes, with no effect on us",No,Fragile / At risk of severe maintainer burnout or code rot,
5/18/2026 16:26:51,North America,geoscience and data science,More than 50%,Operating company,1000 to 9999 employees,Lean toward open-source options,Daily,"Extensibility (ability to write custom plugins/scripts), Better interoperability and alignment with open data standards",No,No,,,,,,,,,,,,,,,,,None,"No barriers, or the need did not arise",,,Daily,3,"Yes, occasionally",3,1,5,2,"Supportive but passive (Permitted, but not actively strategized)",None of the above,No,No,No,No,Moderately sustainable (Stable but reliant on a few key individuals/companies),thank you for doing this
5/18/2026 18:38:12,South America,"Applied sciences, eg economic geology, geophysics",Less than 20% (one day per week),Academia or research institute,10 000 or more employees,Strongly preferr open-source options,Daily,"Transparency and mathematical auditability of the underlying physics/algorithms, Extensibility (ability to write custom plugins/scripts), Better interoperability and alignment with open data standards",No,"Yes, more than one","Yes, more than one",One other,Partially supported (done occasionally/informally during working hours),"Purely unfunded, volunteer in-kind developer time",Excited or safe,Excited or safe,Nervous,Excited or safe,Anxious or exposed,Anxious or exposed,So-so,Hopeful,Hopeful,Hopeful,So-so,Excited or safe,3 to 5,"Lack of institutional time, permission, or career incentives",A few of them,"Created issues or enhancment requests, Typos and small fixes to documentation, Non-critical bug fixes",Never,1,"No, I code but I don't use AI for programming tasks",5,4,3,1,Indifferent or unaware,None of the above,No,No,No,No,Fragile / At risk of severe maintainer burnout or code rot,
5/18/2026 18:45:19,Europe,"Applied sciences, eg economic geology, geophysics",Less than 20% (one day per week),Academia or research institute,1000 to 9999 employees,Lean toward open-source options,Daily,"Transparency and mathematical auditability of the underlying physics/algorithms, Extensibility (ability to write custom plugins/scripts)",No,"Yes, more than one","Yes, more than one",There are no other core contributors,Partially supported (done occasionally/informally during working hours),Public academic grants or government-funded research initiatives,So-so,Hopeful,Hopeful,So-so,Nervous,So-so,Hopeful,Hopeful,So-so,So-so,Nervous,Nervous,1 or 2,"No barriers, or the need did not arise",Most of them,"Created issues or enhancment requests, Typos and small fixes to documentation, Non-critical bug fixes",Never,3,"No, I code but I don't use AI for programming tasks",2,4,4,3,Enthusiastic (Viewed as a core competitive advantage),"Expressed a preference for open source software, Defined a clear and visible open source strategy",No,No,No,No,Moderately sustainable (Stable but reliant on a few key individuals/companies),
5/18/2026 19:42:15,Europe,"Applied sciences, eg economic geology, geophysics",More than 50%,Academia or research institute,1000 to 9999 employees,Strongly preferr open-source options,Daily,"Cost / No licensing fees, Transparency and mathematical auditability of the underlying physics/algorithms, Better interoperability and alignment with open data standards",No,"Yes, more than one","Yes, all of them",There are no other core contributors,Fully supported and done during my paid organizational working hours,Public academic grants or government-funded research initiatives,Excited or safe,Hopeful,So-so,Hopeful,So-so,So-so,So-so,So-so,So-so,So-so,So-so,So-so,3 to 5,"Lack of institutional time, permission, or career incentives",All of them,"Created issues or enhancment requests, Typos and small fixes to documentation, More substantial fixes to documentation or comments, Non-critical bug fixes, Critical bug fixes, Features, Added new tests, CI/CD, infrastructure or devops support",Weekly,4,"Yes, occasionally",2,2,4,2,Indifferent or unaware,None of the above,No,No,No,No,Moderately sustainable (Stable but reliant on a few key individuals/companies),
5/19/2026 0:04:17,Australasia,"Applied sciences, eg economic geology, geophysics",Between 20% and 50%,Academia or research institute,1000 to 9999 employees,Lean toward open-source options,Daily,"Transparency and mathematical auditability of the underlying physics/algorithms, Extensibility (ability to write custom plugins/scripts), There are no proprietary alternatives",No,"Yes, one","Yes, one",More than 5 others,Fully supported and done during my paid organizational working hours,Public academic grants or government-funded research initiatives,Hopeful,Hopeful,Hopeful,Hopeful,So-so,Hopeful,So-so,So-so,So-so,So-so,So-so,So-so,1 or 2,"No barriers, or the need did not arise",All of them,"Created issues or enhancment requests, CI/CD, infrastructure or devops support",Daily,7,"Yes, frequently",3,4,4,4,"Supportive but passive (Permitted, but not actively strategized)",None of the above,No,No,No,No,Moderately sustainable (Stable but reliant on a few key individuals/companies),
5/19/2026 2:20:44,Australasia,"Applied sciences, eg economic geology, geophysics",More than 50%,Operating company,10 000 or more employees,Neutral / No weight,Daily,"Transparency and mathematical auditability of the underlying physics/algorithms, Extensibility (ability to write custom plugins/scripts), Better interoperability and alignment with open data standards","Yes, once",No,,,,,,,,,,,,,,,,,None,"Lack of institutional time, permission, or career incentives",,,Daily,3,"Yes, frequently",1,1,3,3,Indifferent or unaware,None of the above,"Yes, with negative effects on us",No,"Yes, with negative effects on us","Yes, with negative effects on us",Moderately sustainable (Stable but reliant on a few key individuals/companies),
5/19/2026 9:46:41,Europe,"Software engineering, computer science, data science",Less than 20% (one day per week),Operating company,10 000 or more employees,Strongly preferr open-source options,Rarely,"Transparency and mathematical auditability of the underlying physics/algorithms, Extensibility (ability to write custom plugins/scripts), Better interoperability and alignment with open data standards",No,No,,,,,,,,,,,,,,,,,1 or 2,"Overly complex contribution pipelines (e.g., confusing CLA sign-offs, rigid CI/CD testing), Lack of clear developer documentation or onboarding guidance",None of them,Non-critical bug fixes,Daily,5,"No, I don't code",4,3,5,4,"Supportive but passive (Permitted, but not actively strategized)","Expressed a preference for open source software, Defined a clear and visible open source strategy, Defined a public position on open source","Yes, with negative effects on us","Yes, with no effect on us","Yes, with negative effects on us","Yes, with negative effects on us",Fragile / At risk of severe maintainer burnout or code rot,
5/19/2026 11:57:02,Europe,"Well / field / site related (operations, drilling)",Less than 20% (one day per week),Service or technology company,100 to 999 employees,Strongly prefer proprietary options,Rarely,"Transparency and mathematical auditability of the underlying physics/algorithms, Extensibility (ability to write custom plugins/scripts), There are no proprietary alternatives","Yes, multiple times",No,,,,,,,,,,,,,,,,,None,"Lack of institutional time, permission, or career incentives, Overly complex contribution pipelines (e.g., confusing CLA sign-offs, rigid CI/CD testing), No barriers, or the need did not arise",,,Continuously,6,"Yes, occasionally",5,5,5,5,Actively hostile (Explicitly banned or heavily discouraged),None of the above,No,No,"Yes, with negative effects on us","Yes, with negative effects on us",Moderately sustainable (Stable but reliant on a few key individuals/companies),
5/19/2026 12:03:01,Europe,"Software engineering, computer science, data science",More than 50%,Service or technology company,1 to 9 employees,Lean toward proprietary options,Weekly,"Cost / No licensing fees, Transparency and mathematical auditability of the underlying physics/algorithms","Yes, multiple times",No,,,,,,,,,,,,,,,,,None,"Lack of institutional time, permission, or career incentives, Overly complex contribution pipelines (e.g., confusing CLA sign-offs, rigid CI/CD testing), Lack of clear developer documentation or onboarding guidance",,,Daily,8,"Yes, frequently",2,2,5,5,Enthusiastic (Viewed as a core competitive advantage),"Defined a clear and visible open source strategy, Implemented an Open Source Program Office (OSPO) or similar open source team",No,No,No,No,Fragile / At risk of severe maintainer burnout or code rot,
5/19/2026 12:14:22,Europe,"Applied sciences, eg economic geology, geophysics",Less than 20% (one day per week),Operating company,100 to 999 employees,Neutral / No weight,Rarely,"Extensibility (ability to write custom plugins/scripts), There are no proprietary alternatives","Yes, once",No,,,,,,,,,,,,,,,,,1 or 2,"Lack of institutional time, permission, or career incentives, Overly complex contribution pipelines (e.g., confusing CLA sign-offs, rigid CI/CD testing), Lack of clear developer documentation or onboarding guidance",None of them,Created issues or enhancment requests,Weekly,4,"Yes, occasionally",3,1,4,3,Skeptical / Risk-averse (Preferred proprietary alternatives due to liability concerns),None of the above,No,No,No,No,Fragile / At risk of severe maintainer burnout or code rot,
5/19/2026 12:26:35,Asia,"Applied sciences, eg economic geology, geophysics",Less than 20% (one day per week),Operating company,10 000 or more employees,Neutral / No weight,Daily,"Cost / No licensing fees, Transparency and mathematical auditability of the underlying physics/algorithms, Extensibility (ability to write custom plugins/scripts)","Yes, multiple times",No,,,,,,,,,,,,,,,,,3 to 5,"I did not know, or was not sure, that I could contribute, Overly complex contribution pipelines (e.g., confusing CLA sign-offs, rigid CI/CD testing), Lack of clear developer documentation or onboarding guidance",None of them,"Created issues or enhancment requests, Added new tests, Structured user testing and feedback",Continuously,6,"Yes, frequently",4,5,5,5,Skeptical / Risk-averse (Preferred proprietary alternatives due to liability concerns),"Funded open source (via foundation membership, sponsorship of individual developers, donations, etc)","Yes, with no effect on us","Yes, with no effect on us","Yes, with no effect on us","Yes, with negative effects on us",Fragile / At risk of severe maintainer burnout or code rot,
5/19/2026 12:29:23,Europe,"Applied sciences, eg economic geology, geophysics",Between 20% and 50%,Academia or research institute,1000 to 9999 employees,Lean toward open-source options,Daily,"Extensibility (ability to write custom plugins/scripts), Better interoperability and alignment with open data standards, There are no proprietary alternatives",No,No,,,,,,,,,,,,,,,,,1 or 2,"No barriers, or the need did not arise",None of them,Created issues or enhancment requests,Weekly,5,"Yes, occasionally",3,3,4,2,Skeptical / Risk-averse (Preferred proprietary alternatives due to liability concerns),Defined a public position on open source,No,No,No,No,Moderately sustainable (Stable but reliant on a few key individuals/companies),
5/19/2026 12:31:51,Europe,"Reservoir engineering, geomodeling",More than 50%,Service or technology company,100 to 999 employees,Strongly prefer proprietary options,Rarely,"Cost / No licensing fees, Extensibility (ability to write custom plugins/scripts)",No,"Yes, one","Yes, one",There are no other core contributors,Entirely unsupported (done on my own personal/volunteer time),"Purely unfunded, volunteer in-kind developer time",Excited or safe,Hopeful,So-so,So-so,So-so,Hopeful,So-so,So-so,So-so,Nervous,So-so,Nervous,None,"No barriers, or the need did not arise",,,Weekly,7,"Yes, frequently",3,3,5,4,Curious,None of the above,No,No,No,No,Fragile / At risk of severe maintainer burnout or code rot,
5/19/2026 12:39:05,Europe,"Applied sciences, eg economic geology, geophysics",More than 50%,Independent consultant or freelance,1 to 9 employees,Strongly preferr open-source options,"Never, or I don't perform this kind of work",,,"Yes, more than one","Yes, one",One other,Not applicable (I did not make contributions in the past 6 months),"A single industry source, eg private company",Anxious or exposed,Anxious or exposed,Anxious or exposed,Anxious or exposed,Anxious or exposed,Anxious or exposed,Anxious or exposed,Anxious or exposed,Anxious or exposed,Anxious or exposed,Anxious or exposed,Anxious or exposed,None,"No barriers, or the need did not arise",,,Never,5,"Yes, occasionally",4,4,4,5,Indifferent or unaware,None of the above,No,No,No,No,Fragile / At risk of severe maintainer burnout or code rot,
5/19/2026 12:47:11,Australasia,"Applied sciences, eg economic geology, geophysics",Less than 20% (one day per week),Operating company,1 to 9 employees,Lean toward open-source options,Weekly,"Cost / No licensing fees, Extensibility (ability to write custom plugins/scripts)",No,No,,,,,,,,,,,,,,,,,None,"No barriers, or the need did not arise",,,Weekly,7,"Yes, occasionally",3,3,4,3,Enthusiastic (Viewed as a core competitive advantage),Expressed a preference for open source software,No,No,No,No,Moderately sustainable (Stable but reliant on a few key individuals/companies),
5/19/2026 12:51:22,Australasia,"Applied sciences, eg economic geology, geophysics",Less than 20% (one day per week),Independent consultant or freelance,1 to 9 employees,Lean toward open-source options,Weekly,Cost / No licensing fees,No,No,,,,,,,,,,,,,,,,,1 or 2,"Lack of institutional time, permission, or career incentives",None of them,Features,Daily,6,"Yes, occasionally",4,4,3,4,Enthusiastic (Viewed as a core competitive advantage),"Expressed a preference for open source software, Funded open source (via foundation membership, sponsorship of individual developers, donations, etc)",No,No,No,No,Moderately sustainable (Stable but reliant on a few key individuals/companies),
5/19/2026 12:51:30,Europe,"Applied sciences, eg economic geology, geophysics",Less than 20% (one day per week),Academia or research institute,10 000 or more employees,Strongly preferr open-source options,Rarely,Cost / No licensing fees,"Yes, multiple times",No,,,,,,,,,,,,,,,,,None,"No barriers, or the need did not arise",,,Continuously,8,"Yes, frequently",4,4,5,3,Enthusiastic (Viewed as a core competitive advantage),"Defined a clear and visible open source strategy, Joined or associated with open source organizations, Implemented an Open Source Program Office (OSPO) or similar open source team, Defined a public position on open source","Yes, with negative effects on us",No,"Yes, with negative effects on us","Yes, with negative effects on us",Fragile / At risk of severe maintainer burnout or code rot,
5/19/2026 12:54:51,Europe,"Applied sciences, eg economic geology, geophysics",Between 20% and 50%,Service or technology company,10 000 or more employees,Strongly preferr open-source options,Rarely,"Cost / No licensing fees, Transparency and mathematical auditability of the underlying physics/algorithms, Extensibility (ability to write custom plugins/scripts)",No,No,,,,,,,,,,,,,,,,,None,"Lack of institutional time, permission, or career incentives",,,Continuously,4,"No, I code but I don't use AI for programming tasks",5,5,4,3,"Supportive but passive (Permitted, but not actively strategized)",None of the above,No,No,"Yes, with negative effects on us",No,Fragile / At risk of severe maintainer burnout or code rot,
5/19/2026 13:00:50,Europe,"Software engineering, computer science, data science",More than 50%,Service or technology company,1 to 9 employees,Neutral / No weight,Daily,"Cost / No licensing fees, Transparency and mathematical auditability of the underlying physics/algorithms","Yes, multiple times","Yes, more than one","Yes, more than one",2 to 5 others,Entirely unsupported (done on my own personal/volunteer time),"Purely unfunded, volunteer in-kind developer time",Excited or safe,So-so,Nervous,Hopeful,Nervous,Hopeful,So-so,So-so,Nervous,Anxious or exposed,Anxious or exposed,Hopeful,1 or 2,"Lack of institutional time, permission, or career incentives, Overly complex contribution pipelines (e.g., confusing CLA sign-offs, rigid CI/CD testing)",A few of them,"Created issues or enhancment requests, Typos and small fixes to documentation, More substantial fixes to documentation or comments, Non-critical bug fixes, Improved existing tests",Continuously,7,"Yes, occasionally",3,1,2,2,"Supportive but passive (Permitted, but not actively strategized)",Expressed a preference for open source software,No,No,No,No,Critical state (Several tools we use appear abandoned),
5/19/2026 13:50:18,Europe,"Software engineering, computer science, data science",More than 50%,Service or technology company,1000 to 9999 employees,Strongly preferr open-source options,Daily,"Cost / No licensing fees, Transparency and mathematical auditability of the underlying physics/algorithms, Extensibility (ability to write custom plugins/scripts)",No,"Yes, more than one","Yes, more than one",More than 5 others,Partially supported (done occasionally/informally during working hours),"Dedicated foundational funding (e.g., NumFOCUS, Linux Foundation)",Excited or safe,Hopeful,Hopeful,Hopeful,Hopeful,Hopeful,Nervous,Nervous,So-so,So-so,So-so,Hopeful,More than 10,"No barriers, or the need did not arise",Most of them,"Created issues or enhancment requests, Typos and small fixes to documentation, More substantial fixes to documentation or comments, Non-critical bug fixes, Features, Improved existing tests, Added new tests, CI/CD, infrastructure or devops support, Administrative support, fundraising, or project steering",Continuously,7,"Yes, frequently",3,3,4,2,"Supportive but passive (Permitted, but not actively strategized)",Expressed a preference for open source software,No,No,No,"Yes, with negative effects on us",Moderately sustainable (Stable but reliant on a few key individuals/companies),
5/19/2026 14:48:33,North America,"Software engineering, computer science, data science",Less than 20% (one day per week),Service or technology company,10 to 99 employees,Strongly preferr open-source options,Daily,"Cost / No licensing fees, Transparency and mathematical auditability of the underlying physics/algorithms, Extensibility (ability to write custom plugins/scripts)",No,No,,,,,,,,,,,,,,,,,None,"Lack of institutional time, permission, or career incentives",,,Daily,8,"Yes, occasionally",2,2,5,4,"Supportive but passive (Permitted, but not actively strategized)",Defined a clear and visible open source strategy,No,No,"Yes, with positive effects on us",No,Fragile / At risk of severe maintainer burnout or code rot,"I feel like there are so many good ideas out there in the geoscience community, and I am enthusiastic about Gen AI being able to surface more of them. They won't be ready for production ideas, but the hope is that, with the help of others, we can mature a variety of ideas and expand our tooling in the open source world. "
5/19/2026 14:58:05,Europe,"Reservoir engineering, geomodeling",More than 50%,Energy company ,10 000 or more employees,Strongly preferr open-source options,Daily,"Transparency and mathematical auditability of the underlying physics/algorithms, Extensibility (ability to write custom plugins/scripts), Better interoperability and alignment with open data standards",No,No,,,,,,,,,,,,,,,,,None,"No barriers, or the need did not arise",,,Rarely,6,"Yes, occasionally",4,4,4,4,Enthusiastic (Viewed as a core competitive advantage),Expressed a preference for open source software,No,No,No,No,"Highly sustainable (Well-funded, robust contributor pipelines)",
5/19/2026 15:03:23,North America,"Well / field / site related (operations, drilling)",Less than 20% (one day per week),Service or technology company,10 000 or more employees,Lean toward proprietary options,Weekly,"Cost / No licensing fees, Extensibility (ability to write custom plugins/scripts), There are no proprietary alternatives","Yes, once",No,,,,,,,,,,,,,,,,,None,"Lack of institutional time, permission, or career incentives, No barriers, or the need did not arise",,,Weekly,8,"Yes, occasionally",5,5,3,2,"Supportive but passive (Permitted, but not actively strategized)",None of the above,"Yes, with negative effects on us",No,No,No,Fragile / At risk of severe maintainer burnout or code rot,
5/19/2026 15:15:49,Europe,"Applied sciences, eg economic geology, geophysics",More than 50%,Service or technology company,100 to 999 employees,Strongly preferr open-source options,Daily,"Cost / No licensing fees, Transparency and mathematical auditability of the underlying physics/algorithms, Extensibility (ability to write custom plugins/scripts)",No,No,,,,,,,,,,,,,,,,,None,"I did not know, or was not sure, that I could contribute, Lack of institutional time, permission, or career incentives, Overly complex contribution pipelines (e.g., confusing CLA sign-offs, rigid CI/CD testing)",,,Daily,7,"Yes, frequently",3,4,3,4,Indifferent or unaware,None of the above,"Yes, with negative effects on us",No,No,No,Moderately sustainable (Stable but reliant on a few key individuals/companies),Great initiative!
5/19/2026 15:25:21,Europe,"Software engineering, computer science, data science",Between 20% and 50%,Operating company,10 000 or more employees,Strongly prefer proprietary options,Rarely,Transparency and mathematical auditability of the underlying physics/algorithms,Unsure,No,,,,,,,,,,,,,,,,,None,"No barriers, or the need did not arise",,,Continuously,7,"Yes, frequently",3,3,4,2,Skeptical / Risk-averse (Preferred proprietary alternatives due to liability concerns),None of the above,No,No,No,No,Fragile / At risk of severe maintainer burnout or code rot,
5/19/2026 15:28:38,North America,"Applied sciences, eg economic geology, geophysics",More than 50%,Service or technology company,10 to 99 employees,Lean toward open-source options,Daily,"Cost / No licensing fees, Transparency and mathematical auditability of the underlying physics/algorithms, Extensibility (ability to write custom plugins/scripts)","Yes, multiple times","Yes, one","Yes, one",2 to 5 others,Partially supported (done occasionally/informally during working hours),"A single industry source, eg private company",Hopeful,Hopeful,Hopeful,Hopeful,Nervous,Nervous,Nervous,Nervous,Hopeful,Hopeful,Hopeful,Excited or safe,None,"Lack of institutional time, permission, or career incentives",,,Weekly,7,"Yes, occasionally",2,2,4,3,"Supportive but passive (Permitted, but not actively strategized)",Explicitly provided engineering or infrastructure support to open source projects,No,No,No,No,Moderately sustainable (Stable but reliant on a few key individuals/companies),"Thanks for your contributions and sharing of knowledge, time, and enthusiasm."
5/19/2026 15:29:04,North America,"Applied sciences, eg economic geology, geophysics",Less than 20% (one day per week),Academia or research institute,1000 to 9999 employees,Neutral / No weight,Weekly,Cost / No licensing fees,No,No,,,,,,,,,,,,,,,,,None,"No barriers, or the need did not arise",,,Weekly,7,"Yes, occasionally",2,1,3,3,"Supportive but passive (Permitted, but not actively strategized)",None of the above,No,No,No,No,Moderately sustainable (Stable but reliant on a few key individuals/companies),
5/19/2026 15:48:20,Asia,"Software engineering, computer science, data science",More than 50%,Service or technology company,10 to 99 employees,Strongly preferr open-source options,Daily,Transparency and mathematical auditability of the underlying physics/algorithms,No,No,,,,,,,,,,,,,,,,,None,"No barriers, or the need did not arise",,,Continuously,5,"Yes, frequently",5,5,5,5,Enthusiastic (Viewed as a core competitive advantage),"Expressed a preference for open source software, Defined a clear and visible open source strategy, Explicitly provided engineering or infrastructure support to open source projects",No,No,"Yes, with negative effects on us",No,"Highly sustainable (Well-funded, robust contributor pipelines)",
5/19/2026 16:20:43,North America,"Applied sciences, eg economic geology, geophysics",More than 50%,Operating company,1000 to 9999 employees,Lean toward open-source options,Daily,"Cost / No licensing fees, Extensibility (ability to write custom plugins/scripts)","Yes, multiple times",No,,,,,,,,,,,,,,,,,None,"Lack of institutional time, permission, or career incentives, Lack of clear developer documentation or onboarding guidance, Unresponsive or unwelcoming project maintainers",,,Continuously,9,"Yes, frequently",1,1,5,5,Enthusiastic (Viewed as a core competitive advantage),"Expressed a preference for open source software, Joined or associated with open source organizations, Funded open source (via foundation membership, sponsorship of individual developers, donations, etc), Explicitly provided engineering or infrastructure support to open source projects",No,"Yes, with no effect on us","Yes, with no effect on us",No,Fragile / At risk of severe maintainer burnout or code rot,
5/19/2026 17:13:06,North America,"Software engineering, computer science, data science",Less than 20% (one day per week),Independent consultant or freelance,10 to 99 employees,Strongly preferr open-source options,Monthly,Cost / No licensing fees,No,No,,,,,,,,,,,,,,,,,1 or 2,"Lack of institutional time, permission, or career incentives",None of them,Typos and small fixes to documentation,Daily,8,"Yes, frequently",5,5,4,4,"Supportive but passive (Permitted, but not actively strategized)",Expressed a preference for open source software,"Yes, with no effect on us","Yes, with no effect on us","Yes, with no effect on us","Yes, with no effect on us",Critical state (Several tools we use appear abandoned),
5/19/2026 17:33:10,North America,I would say intersection of ML and geophysics as of 2 years ago,More than 50%,Operating company,10 000 or more employees,Lean toward open-source options,Daily,"Transparency and mathematical auditability of the underlying physics/algorithms, Extensibility (ability to write custom plugins/scripts), Better interoperability and alignment with open data standards",No,No,,,,,,,,,,,,,,,,,None,"No barriers, or the need did not arise",,,Continuously,9,"Yes, frequently",4,4,3,2,Enthusiastic (Viewed as a core competitive advantage),None of the above,No,No,No,No,Moderately sustainable (Stable but reliant on a few key individuals/companies),
5/19/2026 18:07:48,North America,"Applied sciences, eg economic geology, geophysics",Between 20% and 50%,Service or technology company,10 to 99 employees,Lean toward open-source options,Daily,"Cost / No licensing fees, Transparency and mathematical auditability of the underlying physics/algorithms, Extensibility (ability to write custom plugins/scripts)",No,No,,,,,,,,,,,,,,,,,More than 10,"Lack of institutional time, permission, or career incentives",None of them,More substantial fixes to documentation or comments,Daily,2,"Yes, frequently",5,5,4,4,Enthusiastic (Viewed as a core competitive advantage),"Expressed a preference for open source software, Defined a clear and visible open source strategy, Defined a public position on open source",No,No,No,No,Moderately sustainable (Stable but reliant on a few key individuals/companies),
5/19/2026 18:15:12,North America,"Applied sciences, eg economic geology, geophysics",Less than 20% (one day per week),Service or technology company,1 to 9 employees,Lean toward open-source options,Daily,"Cost / No licensing fees, Transparency and mathematical auditability of the underlying physics/algorithms, Extensibility (ability to write custom plugins/scripts)",No,No,,,,,,,,,,,,,,,,,None,"I did not know, or was not sure, that I could contribute, Lack of institutional time, permission, or career incentives, No barriers, or the need did not arise",,,Daily,7,"No, I don't code",3,3,5,3,"Supportive but passive (Permitted, but not actively strategized)",None of the above,No,No,No,No,Moderately sustainable (Stable but reliant on a few key individuals/companies),"Claude, in particular, has opened previously (effectively) inaccessible open-source code to be adopted where before it seemed only the authors could implement. I expect the demise of high-end, commercial 3D geoscience software in only a few years."
5/19/2026 18:15:15,North America,"Applied sciences, eg economic geology, geophysics",Between 20% and 50%,Independent consultant or freelance,1 to 9 employees,Strongly preferr open-source options,Daily,Transparency and mathematical auditability of the underlying physics/algorithms,No,No,,,,,,,,,,,,,,,,,None,Unresponsive or unwelcoming project maintainers,,,Weekly,6,"Yes, frequently",3,2,3,2,Enthusiastic (Viewed as a core competitive advantage),"Expressed a preference for open source software, Joined or associated with open source organizations","Yes, with negative effects on us",No,"Yes, with no effect on us",No,Fragile / At risk of severe maintainer burnout or code rot,
5/19/2026 20:02:56,Europe,"Applied sciences, eg economic geology, geophysics",Less than 20% (one day per week),Academia or research institute,1000 to 9999 employees,Strongly preferr open-source options,Weekly,"Cost / No licensing fees, Better interoperability and alignment with open data standards, There are no proprietary alternatives","Yes, multiple times",No,,,,,,,,,,,,,,,,,None,"I did not know, or was not sure, that I could contribute, Lack of institutional time, permission, or career incentives, Lack of clear developer documentation or onboarding guidance",,,Daily,7,"Yes, occasionally",3,3,4,4,Skeptical / Risk-averse (Preferred proprietary alternatives due to liability concerns),None of the above,"Yes, with negative effects on us",No,No,No,Moderately sustainable (Stable but reliant on a few key individuals/companies),
5/19/2026 20:31:17,Europe,"Software engineering, computer science, data science",More than 50%,Service or technology company,1 to 9 employees,Strongly preferr open-source options,Weekly,"Cost / No licensing fees, Transparency and mathematical auditability of the underlying physics/algorithms, Better interoperability and alignment with open data standards",No,No,,,,,,,,,,,,,,,,,None,"No barriers, or the need did not arise",,,Weekly,3,"Yes, occasionally",4,1,2,1,Indifferent or unaware,None of the above,No,No,No,No,Fragile / At risk of severe maintainer burnout or code rot,
5/19/2026 20:53:05,North America,"Software engineering, computer science, data science",More than 50%,Service or technology company,10 to 99 employees,Strongly preferr open-source options,Daily,"Cost / No licensing fees, Transparency and mathematical auditability of the underlying physics/algorithms, Better interoperability and alignment with open data standards",No,No,,,,,,,,,,,,,,,,,None,"I did not know, or was not sure, that I could contribute, No barriers, or the need did not arise",,,Continuously,7,"Yes, frequently",3,1,4,4,Enthusiastic (Viewed as a core competitive advantage),None of the above,No,No,No,No,Fragile / At risk of severe maintainer burnout or code rot,"Similar to AI reducing the barrier to entry for non-programmers to contribute to OSS subsurface projects, it reduces the barrier for entry for non-subsurface-scientists who are programmers. AI’s understanding of science is getting better and better. Citations are improving. It’s a really incredible time!"
5/19/2026 20:56:01,North America,"Applied sciences, eg economic geology, geophysics",More than 50%,Academia or research institute,10 000 or more employees,Strongly preferr open-source options,Weekly,"Cost / No licensing fees, Transparency and mathematical auditability of the underlying physics/algorithms, Extensibility (ability to write custom plugins/scripts)",Unsure,"Yes, more than one","Yes, more than one",2 to 5 others,Fully supported and done during my paid organizational working hours,Joint Industry Projects (JIPs) / Corporate consortiums,Hopeful,So-so,So-so,Nervous,Anxious or exposed,So-so,Nervous,So-so,Hopeful,So-so,Hopeful,Hopeful,1 or 2,Unresponsive or unwelcoming project maintainers,None of them,"CI/CD, infrastructure or devops support",Never,1,"No, I code but I don't use AI for programming tasks",1,1,2,2,Enthusiastic (Viewed as a core competitive advantage),"Expressed a preference for open source software, Defined a clear and visible open source strategy, Joined or associated with open source organizations, Explicitly provided engineering or infrastructure support to open source projects, Defined a public position on open source",No,No,No,No,Fragile / At risk of severe maintainer burnout or code rot,"My main concern regarding the current state of open-source is how the expectations of almost everyone has shifted to ""code and ship fast"", especially since LLM tools allow people to quickly generate code that _seems_ like the right solution to the problem.

Even if we have a machine to produce code much faster than before, the work needed to guarantee that such code is well-engineered (has good quality, good design, is reliable, _fails well_, etc.) it's still tied to human capacity. Such capacity requires time to be built, proper learning of foundational knowledge, and mentoring. I see a shift of priorities in our environment: slow processes (learning, mentoring, producing high quality products) now take less attention than shipping features and producing results faster."
5/19/2026 21:22:05,Asia,"Applied sciences, eg economic geology, geophysics",I don't write or review code or documentation,Operating company,1000 to 9999 employees,Lean toward proprietary options,Rarely,There are no proprietary alternatives,Unsure,No,,,,,,,,,,,,,,,,,None,"No barriers, or the need did not arise",,,Weekly,6,"No, I don't code",1,1,4,4,Indifferent or unaware,None of the above,"Yes, with negative effects on us",No,No,"Yes, with negative effects on us",Fragile / At risk of severe maintainer burnout or code rot,
5/19/2026 21:28:22,North America,"Software engineering, computer science, data science",More than 50%,Service or technology company,1 to 9 employees,Lean toward open-source options,Daily,"Cost / No licensing fees, Better interoperability and alignment with open data standards",No,No,,,,,,,,,,,,,,,,,None,"Lack of institutional time, permission, or career incentives, No barriers, or the need did not arise",,,Rarely,4,"Yes, occasionally",4,1,3,3,Indifferent or unaware,None of the above,No,No,No,No,Moderately sustainable (Stable but reliant on a few key individuals/companies),
5/19/2026 21:35:39,Europe,"Applied sciences, eg economic geology, geophysics",Less than 20% (one day per week),Academia or research institute,10 000 or more employees,Strongly preferr open-source options,Daily,"Cost / No licensing fees, Transparency and mathematical auditability of the underlying physics/algorithms, Extensibility (ability to write custom plugins/scripts)",No,"Yes, one","Yes, all of them",2 to 5 others,Fully supported and done during my paid organizational working hours,Public academic grants or government-funded research initiatives,Hopeful,Hopeful,Hopeful,So-so,So-so,Excited or safe,So-so,So-so,Hopeful,Hopeful,Hopeful,Hopeful,3 to 5,"Lack of institutional time, permission, or career incentives, Lack of clear developer documentation or onboarding guidance",All of them,"Non-critical bug fixes, Features",Continuously,7,"Yes, frequently",3,4,5,4,"Supportive but passive (Permitted, but not actively strategized)",Expressed a preference for open source software,No,No,"Yes, with negative effects on us",No,Fragile / At risk of severe maintainer burnout or code rot,Maintaining OSS and securing funding is difficult. Sustainable funding options are urgently needed to keep the momentum.
5/19/2026 21:55:16,Europe,"Reservoir engineering, geomodeling",Less than 20% (one day per week),Academia or research institute,10 000 or more employees,Lean toward open-source options,Monthly,"Cost / No licensing fees, Transparency and mathematical auditability of the underlying physics/algorithms, Extensibility (ability to write custom plugins/scripts)",No,No,,,,,,,,,,,,,,,,,None,"No barriers, or the need did not arise",,,Weekly,7,"Yes, occasionally",5,5,4,3,"Supportive but passive (Permitted, but not actively strategized)","Expressed a preference for open source software, Funded open source (via foundation membership, sponsorship of individual developers, donations, etc)",No,No,No,No,Fragile / At risk of severe maintainer burnout or code rot,
5/19/2026 23:17:19,North America,"Applied sciences, eg economic geology, geophysics",More than 50%,Operating company,10 000 or more employees,Lean toward proprietary options,Weekly,"Cost / No licensing fees, Transparency and mathematical auditability of the underlying physics/algorithms, Better interoperability and alignment with open data standards",No,No,,,,,,,,,,,,,,,,,None,"Lack of institutional time, permission, or career incentives",,,Daily,3,"Yes, frequently",3,3,2,2,Skeptical / Risk-averse (Preferred proprietary alternatives due to liability concerns),None of the above,No,No,No,No,Fragile / At risk of severe maintainer burnout or code rot,
5/20/2026 1:03:24,North America,"Applied sciences, eg economic geology, geophysics",More than 50%,Service or technology company,10 000 or more employees,Strongly preferr open-source options,Daily,"Cost / No licensing fees, Transparency and mathematical auditability of the underlying physics/algorithms, Extensibility (ability to write custom plugins/scripts)",No,No,,,,,,,,,,,,,,,,,None,"No barriers, or the need did not arise",,,Daily,7,"No, I don't code",3,3,5,5,Enthusiastic (Viewed as a core competitive advantage),Expressed a preference for open source software,No,No,No,No,Moderately sustainable (Stable but reliant on a few key individuals/companies),
5/20/2026 2:00:42,North America,"Applied sciences, eg economic geology, geophysics",Less than 20% (one day per week),Academia or research institute,10 000 or more employees,Strongly preferr open-source options,Daily,"Transparency and mathematical auditability of the underlying physics/algorithms, Extensibility (ability to write custom plugins/scripts)",Unsure,"Yes, more than one","Yes, all of them",More than 5 others,Fully supported and done during my paid organizational working hours,"Purely unfunded, volunteer in-kind developer time",Nervous,Hopeful,Excited or safe,Excited or safe,So-so,So-so,So-so,So-so,Hopeful,Excited or safe,So-so,Nervous,1 or 2,"No barriers, or the need did not arise",All of them,Non-critical bug fixes,Weekly,5,"Yes, occasionally",2,2,3,3,"Supportive but passive (Permitted, but not actively strategized)","Joined or associated with open source organizations, Implemented an Open Source Program Office (OSPO) or similar open source team",No,No,No,No,Fragile / At risk of severe maintainer burnout or code rot,
5/20/2026 2:22:34,Asia,"Well / field / site related (operations, drilling)",I don't write or review code or documentation,Independent consultant or freelance,1 to 9 employees,Neutral / No weight,Rarely,There are no proprietary alternatives,Unsure,No,,,,,,,,,,,,,,,,,None,"I did not know, or was not sure, that I could contribute",,,Continuously,5,"Yes, occasionally",5,5,5,5,Indifferent or unaware,None of the above,"Yes, with negative effects on us",No,"Yes, with negative effects on us","Yes, with negative effects on us",Fragile / At risk of severe maintainer burnout or code rot,I see an issue of awareness (critical mass). Most if not all opem source software are only known to the few who’s genuinely interested. Beyond that it is largely veil from the larger audience who sits behind corporate high walls. More due to ignorance and corporate cordoning than anything else.
5/20/2026 3:00:11,Australasia,"Applied sciences, eg economic geology, geophysics",Between 20% and 50%,Government or regulatory body,10 to 99 employees,Lean toward open-source options,Daily,"Transparency and mathematical auditability of the underlying physics/algorithms, Extensibility (ability to write custom plugins/scripts)",No,No,,,,,,,,,,,,,,,,,None,"Lack of institutional time, permission, or career incentives",,,Continuously,7,"Yes, frequently",3,4,4,2,"Supportive but passive (Permitted, but not actively strategized)",None of the above,No,No,No,No,Moderately sustainable (Stable but reliant on a few key individuals/companies),
5/20/2026 3:39:54,North America,"Applied sciences, eg economic geology, geophysics",More than 50%,Operating company,100 to 999 employees,Strongly preferr open-source options,Daily,"Transparency and mathematical auditability of the underlying physics/algorithms, Extensibility (ability to write custom plugins/scripts), There are no proprietary alternatives","Yes, multiple times",No,,,,,,,,,,,,,,,,,3 to 5,"Overly complex contribution pipelines (e.g., confusing CLA sign-offs, rigid CI/CD testing), Unresponsive or unwelcoming project maintainers",All of them,"Non-critical bug fixes, Features, Added new tests",Continuously,7,"Yes, frequently",4,4,5,5,Enthusiastic (Viewed as a core competitive advantage),"Expressed a preference for open source software, Defined a clear and visible open source strategy, Funded open source (via foundation membership, sponsorship of individual developers, donations, etc), Explicitly provided engineering or infrastructure support to open source projects, Defined a public position on open source",No,No,"Yes, with negative effects on us","Yes, with no effect on us",Moderately sustainable (Stable but reliant on a few key individuals/companies),
5/20/2026 4:15:18,Australasia,"Applied sciences, eg economic geology, geophysics",Between 20% and 50%,Independent consultant or freelance,1 to 9 employees,Strongly preferr open-source options,Daily,"Cost / No licensing fees, Transparency and mathematical auditability of the underlying physics/algorithms, Extensibility (ability to write custom plugins/scripts)",No,"Yes, more than one","Yes, more than one",There are no other core contributors,Entirely unsupported (done on my own personal/volunteer time),"Purely unfunded, volunteer in-kind developer time",Hopeful,Hopeful,Hopeful,So-so,Nervous,So-so,Nervous,Nervous,So-so,So-so,Nervous,So-so,3 to 5,"No barriers, or the need did not arise",All of them,"Created issues or enhancment requests, Non-critical bug fixes",Continuously,5,"Yes, frequently",3,3,4,2,Enthusiastic (Viewed as a core competitive advantage),Expressed a preference for open source software,No,No,No,No,Moderately sustainable (Stable but reliant on a few key individuals/companies),
5/20/2026 5:15:40,Australasia,"Applied sciences, eg economic geology, geophysics",Between 20% and 50%,Service or technology company,100 to 999 employees,Neutral / No weight,Weekly,"Cost / No licensing fees, Extensibility (ability to write custom plugins/scripts)",Unsure,No,,,,,,,,,,,,,,,,,None,"No barriers, or the need did not arise",,,Rarely,5,"Yes, occasionally",4,5,4,4,"Supportive but passive (Permitted, but not actively strategized)",None of the above,"Yes, with negative effects on us",No,"Yes, with negative effects on us",No,Moderately sustainable (Stable but reliant on a few key individuals/companies),
5/20/2026 6:54:09,Europe,"Applied sciences, eg economic geology, geophysics",More than 50%,Operating company,10 to 99 employees,Lean toward open-source options,Daily,"Cost / No licensing fees, Transparency and mathematical auditability of the underlying physics/algorithms, Extensibility (ability to write custom plugins/scripts)",No,No,,,,,,,,,,,,,,,,,1 or 2,"Lack of institutional time, permission, or career incentives",All of them,Created issues or enhancment requests,Daily,7,"Yes, frequently",2,2,4,2,Indifferent or unaware,None of the above,No,No,No,No,Moderately sustainable (Stable but reliant on a few key individuals/companies),
5/20/2026 9:27:01,Europe,"Applied sciences, eg economic geology, geophysics",I don't write or review code or documentation,Independent consultant or freelance,1 to 9 employees,Strongly prefer proprietary options,Rarely,Extensibility (ability to write custom plugins/scripts),Unsure,No,,,,,,,,,,,,,,,,,None,"No barriers, or the need did not arise",,,Rarely,2,"No, I don't code",4,4,4,3,Skeptical / Risk-averse (Preferred proprietary alternatives due to liability concerns),None of the above,No,No,No,No,Moderately sustainable (Stable but reliant on a few key individuals/companies),
5/20/2026 9:42:20,Australasia,"Applied sciences, eg economic geology, geophysics",More than 50%,Operating company,10 000 or more employees,Strongly preferr open-source options,Daily,"Transparency and mathematical auditability of the underlying physics/algorithms, Better interoperability and alignment with open data standards, There are no proprietary alternatives",No,"Yes, more than one","Yes, more than one",There are no other core contributors,Entirely unsupported (done on my own personal/volunteer time),"Purely unfunded, volunteer in-kind developer time",So-so,So-so,So-so,So-so,So-so,Hopeful,So-so,So-so,So-so,So-so,So-so,So-so,More than 10,"Lack of institutional time, permission, or career incentives",Most of them,"Created issues or enhancment requests, Typos and small fixes to documentation, More substantial fixes to documentation or comments, Non-critical bug fixes, Critical bug fixes, Features, Improved existing tests, Added new tests, Data contributions, Structured user testing and feedback, CI/CD, infrastructure or devops support, Administrative support, fundraising, or project steering",Daily,6,"Yes, frequently",1,1,5,4,"Supportive but passive (Permitted, but not actively strategized)","Expressed a preference for open source software, Joined or associated with open source organizations","Yes, with negative effects on us","Yes, with negative effects on us","Yes, with negative effects on us",No,Moderately sustainable (Stable but reliant on a few key individuals/companies),
5/20/2026 11:34:47,Australasia,"Applied sciences, eg economic geology, geophysics",Between 20% and 50%,Operating company,10 000 or more employees,Strongly preferr open-source options,Weekly,"Cost / No licensing fees, Transparency and mathematical auditability of the underlying physics/algorithms, Extensibility (ability to write custom plugins/scripts)",No,No,,,,,,,,,,,,,,,,,3 to 5,"Lack of institutional time, permission, or career incentives, Lack of clear developer documentation or onboarding guidance, No barriers, or the need did not arise",All of them,Created issues or enhancment requests,Weekly,4,"Yes, occasionally",5,3,5,2,"Supportive but passive (Permitted, but not actively strategized)",None of the above,No,No,No,No,Moderately sustainable (Stable but reliant on a few key individuals/companies),"The commercial benefit of open source software (OSS) is significant (https://www.hbs.edu/faculty/Pages/item.aspx?num=65230). This has not been well communicated to funding agencies, although it should be a focus point of any OSS communication with the intention of securing greater funding support for OSS. 

A key risk to industry of OSS is continuity and on-going support. Mitigating this risk is at the core of developing trusted OSS. e.g. of such trusted OSS are Generic Mapping  Tools, pyGIMLi"
5/20/2026 12:03:19,Europe,"Applied sciences, eg economic geology, geophysics",Between 20% and 50%,Independent consultant or freelance,100 to 999 employees,Lean toward proprietary options,Daily,"Transparency and mathematical auditability of the underlying physics/algorithms, Extensibility (ability to write custom plugins/scripts), There are no proprietary alternatives",No,No,,,,,,,,,,,,,,,,,None,"Lack of institutional time, permission, or career incentives",,,Weekly,5,"Yes, frequently",4,5,5,5,"Supportive but passive (Permitted, but not actively strategized)",Expressed a preference for open source software,"Yes, with negative effects on us",No,"Yes, with negative effects on us",No,Fragile / At risk of severe maintainer burnout or code rot,"Concerned that the golden age is coming to an end - there's a noticeable reduction in funding and release from large organisations. Equinor is a good example, the period 2017-2023 was a bright moment of things like SEGYIO. 

Concern that with the rise of vibe coding, the volume of hack fixes being pushed to unstable untested releases (no dependency checks on wider code modules) is going to push people away from adoption of open source code if there is too much variety, and a lack of guarantee of reliability and maintenance. "
5/20/2026 13:38:19,Europe,"Applied sciences, eg economic geology, geophysics",Between 20% and 50%,Service or technology company,1 to 9 employees,Lean toward proprietary options,Monthly,"Cost / No licensing fees, There are no proprietary alternatives",No,No,,,,,,,,,,,,,,,,,None,"I did not know, or was not sure, that I could contribute, Lack of institutional time, permission, or career incentives",,,Weekly,6,"Yes, occasionally",4,4,4,4,Skeptical / Risk-averse (Preferred proprietary alternatives due to liability concerns),None of the above,No,No,No,No,Fragile / At risk of severe maintainer burnout or code rot,
5/20/2026 17:08:47,North America,"Applied sciences, eg economic geology, geophysics",Between 20% and 50%,Service or technology company,10 to 99 employees,Lean toward open-source options,Daily,"Transparency and mathematical auditability of the underlying physics/algorithms, Extensibility (ability to write custom plugins/scripts)","Yes, multiple times",No,,,,,,,,,,,,,,,,,None,"No barriers, or the need did not arise",,,Weekly,4,"Yes, occasionally",4,4,3,4,Enthusiastic (Viewed as a core competitive advantage),"Expressed a preference for open source software, Defined a clear and visible open source strategy, Joined or associated with open source organizations, Funded open source (via foundation membership, sponsorship of individual developers, donations, etc), Explicitly provided engineering or infrastructure support to open source projects, Defined a public position on open source",No,No,No,No,Moderately sustainable (Stable but reliant on a few key individuals/companies),
5/20/2026 19:21:22,Europe,"Software engineering, computer science, data science",More than 50%,Government or regulatory body,10 000 or more employees,Lean toward open-source options,Weekly,"Cost / No licensing fees, Extensibility (ability to write custom plugins/scripts)",Unsure,No,,,,,,,,,,,,,,,,,None,"Lack of institutional time, permission, or career incentives",,,Continuously,8,"No, I don't code",2,2,4,5,Indifferent or unaware,None of the above,No,No,No,No,Fragile / At risk of severe maintainer burnout or code rot,
5/20/2026 22:30:58,North America,"Applied sciences, eg economic geology, geophysics",Between 20% and 50%,Academia or research institute,10 to 99 employees,Strongly preferr open-source options,Daily,"Cost / No licensing fees, Transparency and mathematical auditability of the underlying physics/algorithms, Extensibility (ability to write custom plugins/scripts)",No,No,,,,,,,,,,,,,,,,,3 to 5,"Lack of institutional time, permission, or career incentives",All of them,"Features, Added new tests",Daily,5,"Yes, occasionally",4,4,5,5,Enthusiastic (Viewed as a core competitive advantage),"Expressed a preference for open source software, Defined a clear and visible open source strategy",No,No,No,No,Moderately sustainable (Stable but reliant on a few key individuals/companies),"I am not concerned with use of AI in open-source workflows. I am concerned with use by people who don't understand the output and use AI for a ""one shot"" approach to programming."
5/20/2026 23:10:34,Europe,"Software engineering, computer science, data science",Between 20% and 50%,Operating company,10 000 or more employees,Lean toward open-source options,Rarely,"Cost / No licensing fees, Transparency and mathematical auditability of the underlying physics/algorithms, Better interoperability and alignment with open data standards",Unsure,No,,,,,,,,,,,,,,,,,1 or 2,"I did not know, or was not sure, that I could contribute",None of them,"Typos and small fixes to documentation, Improved existing tests, Added new tests",Daily,7,"Yes, frequently",3,4,3,4,"Supportive but passive (Permitted, but not actively strategized)",Expressed a preference for open source software,No,No,No,No,Moderately sustainable (Stable but reliant on a few key individuals/companies),
5/20/2026 23:12:02,North America,"Software engineering, computer science, data science",Less than 20% (one day per week),Operating company,10 to 99 employees,Neutral / No weight,Monthly,Cost / No licensing fees,No,No,,,,,,,,,,,,,,,,,None,"I did not know, or was not sure, that I could contribute, Lack of institutional time, permission, or career incentives",,,Weekly,4,"Yes, occasionally",5,5,4,4,"Supportive but passive (Permitted, but not actively strategized)","Expressed a preference for open source software, Defined a clear and visible open source strategy",No,No,No,No,Moderately sustainable (Stable but reliant on a few key individuals/companies),
5/21/2026 1:36:52,Australasia,"Applied sciences, eg economic geology, geophysics",Less than 20% (one day per week),Government or regulatory body,100 to 999 employees,Neutral / No weight,Weekly,"Cost / No licensing fees, Extensibility (ability to write custom plugins/scripts), Better interoperability and alignment with open data standards","Yes, multiple times",No,,,,,,,,,,,,,,,,,1 or 2,"I did not know, or was not sure, that I could contribute",None of them,Created issues or enhancment requests,Weekly,5,"Yes, occasionally",5,5,5,3,Indifferent or unaware,None of the above,No,"Yes, with negative effects on us","Yes, with negative effects on us",No,Critical state (Several tools we use appear abandoned),
5/21/2026 2:47:56,Australasia,"Applied sciences, eg economic geology, geophysics",Less than 20% (one day per week),Independent consultant or freelance,1 to 9 employees,Lean toward open-source options,Monthly,"Cost / No licensing fees, Transparency and mathematical auditability of the underlying physics/algorithms, Extensibility (ability to write custom plugins/scripts)",No,No,,,,,,,,,,,,,,,,,None,"No barriers, or the need did not arise",,,,4,"Yes, occasionally",5,5,3,4,Indifferent or unaware,None of the above,No,No,No,No,Fragile / At risk of severe maintainer burnout or code rot,
5/21/2026 2:50:19,Asia,"Software engineering, computer science, data science",Between 20% and 50%,Government or regulatory body,100 to 999 employees,Lean toward proprietary options,Monthly,"Transparency and mathematical auditability of the underlying physics/algorithms, Better interoperability and alignment with open data standards",No,"Yes, one",No,2 to 5 others,Partially supported (done occasionally/informally during working hours),Public academic grants or government-funded research initiatives,Hopeful,Hopeful,Hopeful,Hopeful,Excited or safe,Excited or safe,So-so,Nervous,Anxious or exposed,So-so,So-so,Anxious or exposed,More than 10,"Lack of institutional time, permission, or career incentives, Overly complex contribution pipelines (e.g., confusing CLA sign-offs, rigid CI/CD testing)",A few of them,"Created issues or enhancment requests, Typos and small fixes to documentation, Data contributions, CI/CD, infrastructure or devops support",Continuously,10,"Yes, frequently",5,5,5,3,"Supportive but passive (Permitted, but not actively strategized)","Expressed a preference for open source software, Defined a clear and visible open source strategy, Explicitly provided engineering or infrastructure support to open source projects, Implemented an Open Source Program Office (OSPO) or similar open source team, Defined a public position on open source",No,No,"Yes, with positive effects on us",No,Moderately sustainable (Stable but reliant on a few key individuals/companies),AI is reshaping software industry. The way to develop tools and data will be broadly adopted by non-computer science background users.
5/21/2026 4:16:23,Asia,"Software engineering, computer science, data science",More than 50%,Service or technology company,10 000 or more employees,Lean toward proprietary options,Rarely,"Cost / No licensing fees, Transparency and mathematical auditability of the underlying physics/algorithms, Extensibility (ability to write custom plugins/scripts)",No,No,,,,,,,,,,,,,,,,,None,"Lack of institutional time, permission, or career incentives",,,Daily,6,"Yes, occasionally",4,3,4,2,Enthusiastic (Viewed as a core competitive advantage),"Joined or associated with open source organizations, Funded open source (via foundation membership, sponsorship of individual developers, donations, etc)",No,No,No,No,Moderately sustainable (Stable but reliant on a few key individuals/companies),
5/21/2026 11:48:48,Europe,"Software engineering, computer science, data science",Less than 20% (one day per week),Service or technology company,1 to 9 employees,Lean toward proprietary options,Rarely,Cost / No licensing fees,Unsure,No,,,,,,,,,,,,,,,,,None,"I did not know, or was not sure, that I could contribute",,,Continuously,5,"No, I don't code",3,3,3,3,Enthusiastic (Viewed as a core competitive advantage),None of the above,No,No,No,No,Moderately sustainable (Stable but reliant on a few key individuals/companies),
5/22/2026 2:33:31,North America,"Applied sciences, eg economic geology, geophysics",Between 20% and 50%,Service or technology company,10 000 or more employees,Lean toward open-source options,Daily,"Extensibility (ability to write custom plugins/scripts), Better interoperability and alignment with open data standards",No,"Yes, one",No,There are no other core contributors,Partially supported (done occasionally/informally during working hours),"A single industry source, eg private company",Excited or safe,Excited or safe,So-so,So-so,So-so,Excited or safe,Anxious or exposed,So-so,Hopeful,So-so,So-so,Nervous,1 or 2,"No barriers, or the need did not arise",None of them,"Created issues or enhancment requests, Typos and small fixes to documentation, Non-critical bug fixes",Continuously,6,"Yes, occasionally",5,3,5,4,"Supportive but passive (Permitted, but not actively strategized)",None of the above,No,No,No,No,Fragile / At risk of severe maintainer burnout or code rot,Small steps at a big org…
5/22/2026 18:17:24,Europe,"Applied sciences, eg economic geology, geophysics",More than 50%,Operating company,10 000 or more employees,Neutral / No weight,Daily,Transparency and mathematical auditability of the underlying physics/algorithms,No,"Yes, one",No,There are no other core contributors,Entirely unsupported (done on my own personal/volunteer time),"Purely unfunded, volunteer in-kind developer time",Hopeful,Hopeful,Nervous,So-so,Nervous,Excited or safe,So-so,So-so,So-so,Nervous,Hopeful,Excited or safe,None,"Lack of institutional time, permission, or career incentives",,,Continuously,8,"Yes, frequently",5,3,5,2,Skeptical / Risk-averse (Preferred proprietary alternatives due to liability concerns),Defined a clear and visible open source strategy,No,No,"Yes, with negative effects on us",No,Moderately sustainable (Stable but reliant on a few key individuals/companies),
5/22/2026 22:10:59,Europe,"Applied sciences, eg economic geology, geophysics",Between 20% and 50%,Operating company,10 000 or more employees,Lean toward proprietary options,Weekly,Extensibility (ability to write custom plugins/scripts),No,"Yes, more than one","Yes, one",There are no other core contributors,Partially supported (done occasionally/informally during working hours),"Purely unfunded, volunteer in-kind developer time",Hopeful,So-so,Nervous,So-so,Nervous,So-so,Nervous,Anxious or exposed,Anxious or exposed,Anxious or exposed,Anxious or exposed,Anxious or exposed,3 to 5,"Lack of institutional time, permission, or career incentives",Most of them,Structured user testing and feedback,Continuously,7,"Yes, frequently",3,4,5,5,Enthusiastic (Viewed as a core competitive advantage),Explicitly provided engineering or infrastructure support to open source projects,No,No,No,"Yes, with negative effects on us",Moderately sustainable (Stable but reliant on a few key individuals/companies),
5/23/2026 16:42:25,Europe,"Applied sciences, eg economic geology, geophysics",Less than 20% (one day per week),Service or technology company,10 to 99 employees,Neutral / No weight,Monthly,"Cost / No licensing fees, There are no proprietary alternatives",No,No,,,,,,,,,,,,,,,,,None,"No barriers, or the need did not arise",,,Daily,5,"Yes, frequently",3,3,5,5,Indifferent or unaware,None of the above,No,No,No,No,Moderately sustainable (Stable but reliant on a few key individuals/companies),
5/23/2026 17:45:06,Europe,"Applied sciences, eg economic geology, geophysics",More than 50%,Academia or research institute,100 to 999 employees,Strongly preferr open-source options,Daily,"Cost / No licensing fees, Transparency and mathematical auditability of the underlying physics/algorithms, Extensibility (ability to write custom plugins/scripts)",No,"Yes, more than one","Yes, all of them",2 to 5 others,Partially supported (done occasionally/informally during working hours),Public academic grants or government-funded research initiatives,Hopeful,Hopeful,Hopeful,Hopeful,Hopeful,Hopeful,Hopeful,Hopeful,Hopeful,Hopeful,Hopeful,Hopeful,More than 10,"No barriers, or the need did not arise",All of them,"Created issues or enhancment requests, Typos and small fixes to documentation, More substantial fixes to documentation or comments, Non-critical bug fixes, Critical bug fixes, Features, Improved existing tests, Added new tests, Structured user testing and feedback, CI/CD, infrastructure or devops support, Administrative support, fundraising, or project steering",Daily,7,"Yes, frequently",5,5,5,5,Enthusiastic (Viewed as a core competitive advantage),None of the above,No,No,No,No,Moderately sustainable (Stable but reliant on a few key individuals/companies),
5/23/2026 20:57:03,North America,"Applied sciences, eg economic geology, geophysics",More than 50%,Academia or research institute,100 to 999 employees,Strongly preferr open-source options,Daily,"Extensibility (ability to write custom plugins/scripts), Better interoperability and alignment with open data standards",No,"Yes, more than one","Yes, one",2 to 5 others,Partially supported (done occasionally/informally during working hours),Public academic grants or government-funded research initiatives,Hopeful,Hopeful,Hopeful,Hopeful,Excited or safe,Excited or safe,Hopeful,Hopeful,Excited or safe,So-so,So-so,So-so,3 to 5,"Lack of institutional time, permission, or career incentives, Overly complex contribution pipelines (e.g., confusing CLA sign-offs, rigid CI/CD testing)",A few of them,"Created issues or enhancment requests, Typos and small fixes to documentation, Features",Daily,7,"Yes, frequently",1,1,4,5,"Supportive but passive (Permitted, but not actively strategized)",None of the above,No,No,No,No,Moderately sustainable (Stable but reliant on a few key individuals/companies),
5/24/2026 0:49:01,Europe,"Software engineering, computer science, data science",Between 20% and 50%,Operating company,1000 to 9999 employees,Strongly preferr open-source options,Weekly,"Transparency and mathematical auditability of the underlying physics/algorithms, Extensibility (ability to write custom plugins/scripts)",No,"Yes, one","Yes, one",One other,Entirely unsupported (done on my own personal/volunteer time),Public academic grants or government-funded research initiatives,So-so,So-so,So-so,Hopeful,So-so,So-so,Hopeful,Hopeful,So-so,So-so,Nervous,Nervous,More than 10,"No barriers, or the need did not arise",All of them,"Typos and small fixes to documentation, More substantial fixes to documentation or comments, Features, Added new tests",Continuously,5,"Yes, frequently",2,2,4,3,Indifferent or unaware,"Funded open source (via foundation membership, sponsorship of individual developers, donations, etc)",No,No,No,No,Moderately sustainable (Stable but reliant on a few key individuals/companies),
5/24/2026 4:34:52,North America,"Applied sciences, eg economic geology, geophysics",Less than 20% (one day per week),Academia or research institute,1000 to 9999 employees,Strongly preferr open-source options,Weekly,Transparency and mathematical auditability of the underlying physics/algorithms,"Yes, multiple times",No,,,,,,,,,,,,,,,,,None,"I did not know, or was not sure, that I could contribute",,,Daily,8,"Yes, frequently",1,1,5,5,Skeptical / Risk-averse (Preferred proprietary alternatives due to liability concerns),None of the above,No,No,No,No,Moderately sustainable (Stable but reliant on a few key individuals/companies),Good survey
5/24/2026 5:43:29,Asia,"Applied sciences, eg economic geology, geophysics",I don't write or review code or documentation,Service or technology company,100 to 999 employees,Strongly prefer proprietary options,Rarely,"Better interoperability and alignment with open data standards, It was required by a client, partner, or academic collaborator",No,No,,,,,,,,,,,,,,,,,None,"Lack of institutional time, permission, or career incentives, Lack of clear developer documentation or onboarding guidance",,,Daily,4,"No, I don't code",4,4,4,5,Actively hostile (Explicitly banned or heavily discouraged),None of the above,"Yes, with positive effects on us","Yes, with positive effects on us","Yes, with positive effects on us","Yes, with negative effects on us",Fragile / At risk of severe maintainer burnout or code rot,
5/24/2026 7:53:05,Asia,"Applied sciences, eg economic geology, geophysics",Less than 20% (one day per week),Academia or research institute,10 000 or more employees,Strongly prefer proprietary options,Rarely,Cost / No licensing fees,Unsure,No,,,,,,,,,,,,,,,,,None,"I did not know, or was not sure, that I could contribute",,,Continuously,7,"Yes, frequently",5,5,5,5,Indifferent or unaware,None of the above,"Yes, with negative effects on us",No,"Yes, with negative effects on us",No,"Highly sustainable (Well-funded, robust contributor pipelines)",
5/24/2026 16:41:16,Europe,"Applied sciences, eg economic geology, geophysics",More than 50%,Academia or research institute,10 to 99 employees,Strongly preferr open-source options,Daily,"Cost / No licensing fees, Transparency and mathematical auditability of the underlying physics/algorithms, Extensibility (ability to write custom plugins/scripts)",No,"Yes, one","Yes, one",More than 5 others,Fully supported and done during my paid organizational working hours,Public academic grants or government-funded research initiatives,So-so,Hopeful,Hopeful,Hopeful,So-so,So-so,So-so,Nervous,So-so,So-so,Hopeful,Hopeful,3 to 5,"Overly complex contribution pipelines (e.g., confusing CLA sign-offs, rigid CI/CD testing)",A few of them,"Created issues or enhancment requests, Critical bug fixes, Improved existing tests, Added new tests",Rarely,3,"Yes, occasionally",3,3,2,3,Enthusiastic (Viewed as a core competitive advantage),"Expressed a preference for open source software, Defined a clear and visible open source strategy, Joined or associated with open source organizations, Funded open source (via foundation membership, sponsorship of individual developers, donations, etc), Explicitly provided engineering or infrastructure support to open source projects, Implemented an Open Source Program Office (OSPO) or similar open source team, Defined a public position on open source",No,No,No,No,"Highly sustainable (Well-funded, robust contributor pipelines)",
5/24/2026 23:42:34,Europe,"Software engineering, computer science, data science",More than 50%,Operating company,1000 to 9999 employees,Strongly preferr open-source options,Rarely,"Cost / No licensing fees, Extensibility (ability to write custom plugins/scripts), Better interoperability and alignment with open data standards",No,"Yes, more than one",No,There are no other core contributors,Entirely unsupported (done on my own personal/volunteer time),"Purely unfunded, volunteer in-kind developer time",Hopeful,So-so,Hopeful,Nervous,Hopeful,Excited or safe,Anxious or exposed,Nervous,Anxious or exposed,Nervous,Nervous,So-so,None,"No barriers, or the need did not arise",,,Continuously,10,"Yes, frequently",1,1,5,5,Indifferent or unaware,None of the above,"Yes, with negative effects on us","Yes, with positive effects on us",No,"Yes, with no effect on us",Fragile / At risk of severe maintainer burnout or code rot,
5/25/2026 21:30:24,North America,"Well / field / site related (operations, drilling)",Less than 20% (one day per week),Operating company,10 000 or more employees,Neutral / No weight,"Never, or I don't perform this kind of work",,,No,,,,,,,,,,,,,,,,,None,"Lack of institutional time, permission, or career incentives",,,Continuously,5,"Yes, occasionally",1,1,3,4,Skeptical / Risk-averse (Preferred proprietary alternatives due to liability concerns),None of the above,No,No,No,No,Fragile / At risk of severe maintainer burnout or code rot,
5/26/2026 9:32:13,Europe,"Applied sciences, eg economic geology, geophysics",Less than 20% (one day per week),Independent consultant or freelance,1 to 9 employees,Strongly preferr open-source options,Daily,"Transparency and mathematical auditability of the underlying physics/algorithms, Extensibility (ability to write custom plugins/scripts), Better interoperability and alignment with open data standards",No,"Yes, more than one",No,There are no other core contributors,Entirely unsupported (done on my own personal/volunteer time),Unknown or unsure,Anxious or exposed,So-so,So-so,Anxious or exposed,Nervous,Anxious or exposed,So-so,So-so,Nervous,So-so,Anxious or exposed,So-so,None,"Lack of institutional time, permission, or career incentives",,,Never,2,"No, I code but I don't use AI for programming tasks",5,5,2,1,Skeptical / Risk-averse (Preferred proprietary alternatives due to liability concerns),None of the above,No,No,No,No,Fragile / At risk of severe maintainer burnout or code rot,
5/26/2026 10:22:44,Europe,"Well / field / site related (operations, drilling)",Less than 20% (one day per week),Service or technology company,10 to 99 employees,Lean toward proprietary options,Rarely,"Transparency and mathematical auditability of the underlying physics/algorithms, Extensibility (ability to write custom plugins/scripts)",No,"Yes, one","Yes, one",There are no other core contributors,Partially supported (done occasionally/informally during working hours),"A single industry source, eg private company",Hopeful,Hopeful,Hopeful,Hopeful,Hopeful,Hopeful,Nervous,Nervous,So-so,So-so,So-so,So-so,None,"I did not know, or was not sure, that I could contribute, No barriers, or the need did not arise",,,Daily,6,"Yes, frequently",5,5,5,2,Indifferent or unaware,None of the above,"Yes, with negative effects on us",No,No,No,Moderately sustainable (Stable but reliant on a few key individuals/companies),
5/26/2026 14:35:49,Europe,"Applied sciences, eg economic geology, geophysics",I don't write or review code or documentation,Independent consultant or freelance,1 to 9 employees,Neutral / No weight,Rarely,Cost / No licensing fees,No,No,,,,,,,,,,,,,,,,,None,"Lack of institutional time, permission, or career incentives",,,Rarely,3,"Yes, occasionally",5,5,4,2,Skeptical / Risk-averse (Preferred proprietary alternatives due to liability concerns),None of the above,No,No,No,No,Fragile / At risk of severe maintainer burnout or code rot,
5/26/2026 16:10:43,Asia,"Applied sciences, eg economic geology, geophysics",More than 50%,Operating company,1000 to 9999 employees,Lean toward open-source options,Daily,"Cost / No licensing fees, Transparency and mathematical auditability of the underlying physics/algorithms, Extensibility (ability to write custom plugins/scripts)",No,No,,,,,,,,,,,,,,,,,None,"I did not know, or was not sure, that I could contribute",,,Daily,7,"Yes, frequently",3,3,5,5,"Supportive but passive (Permitted, but not actively strategized)",None of the above,"Yes, with negative effects on us",No,No,No,Moderately sustainable (Stable but reliant on a few key individuals/companies),Working on OpenSource Software builds trusts on the output as compared to closed software
5/26/2026 22:23:43,North America,"Applied sciences, eg economic geology, geophysics",I don't write or review code or documentation,Operating company,100 to 999 employees,Strongly prefer proprietary options,Rarely,Cost / No licensing fees,Unsure,No,,,,,,,,,,,,,,,,,None,"Lack of institutional time, permission, or career incentives",,,Daily,6,"Yes, occasionally",1,1,3,4,Indifferent or unaware,Joined or associated with open source organizations,No,No,No,No,Moderately sustainable (Stable but reliant on a few key individuals/companies),"Happy Birthday, Matt"
5/27/2026 1:53:15,North America,"Applied sciences, eg economic geology, geophysics",Between 20% and 50%,Government or regulatory body,1000 to 9999 employees,Strongly preferr open-source options,Daily,"Cost / No licensing fees, Transparency and mathematical auditability of the underlying physics/algorithms, Better interoperability and alignment with open data standards","Yes, multiple times","Yes, more than one","Yes, more than one",There are no other core contributors,Partially supported (done occasionally/informally during working hours),Public academic grants or government-funded research initiatives,Excited or safe,Hopeful,Nervous,Hopeful,Anxious or exposed,Anxious or exposed,So-so,So-so,So-so,So-so,Nervous,Nervous,None,"Lack of institutional time, permission, or career incentives, Overly complex contribution pipelines (e.g., confusing CLA sign-offs, rigid CI/CD testing), Lack of clear developer documentation or onboarding guidance",,,Rarely,3,"Yes, occasionally",5,5,3,3,"Supportive but passive (Permitted, but not actively strategized)","Expressed a preference for open source software, Defined a clear and visible open source strategy, Explicitly provided engineering or infrastructure support to open source projects, Defined a public position on open source","Yes, with negative effects on us",No,"Yes, with negative effects on us",No,Fragile / At risk of severe maintainer burnout or code rot,"There is a critical need to support common underlying libraries with goal toward long-term stability, maintainability, and interoperability.  One major concern of mine is a trend towards dependency on complex and rapidly changing tools that have short lifetimes, jeopardizing the long-term maintainability of projects.  However this work is often hard to sell because it is usually in the background and requires longer timelines compared to more downstream products that address immediately business needs.  "
5/28/2026 0:43:44,Africa / Middle East,"Software engineering, computer science, data science",Less than 20% (one day per week),Service or technology company,100 to 999 employees,Lean toward open-source options,Weekly,"Cost / No licensing fees, Transparency and mathematical auditability of the underlying physics/algorithms",No,No,,,,,,,,,,,,,,,,,1 or 2,"Lack of institutional time, permission, or career incentives, Lack of clear developer documentation or onboarding guidance",All of them,"Created issues or enhancment requests, Added new tests, Administrative support, fundraising, or project steering",Daily,6,"Yes, frequently",1,2,4,5,"Supportive but passive (Permitted, but not actively strategized)",None of the above,No,No,No,No,Moderately sustainable (Stable but reliant on a few key individuals/companies),"Matt, I just wanted to offer my support! You’re an open-source legend; as a geophysicist, I developed my career inspired by AgileScientific."
5/28/2026 12:48:45,North America,"Applied sciences, eg economic geology, geophysics",I don't write or review code or documentation,Service or technology company,10 000 or more employees,Neutral / No weight,Daily,Cost / No licensing fees,"Yes, multiple times",No,,,,,,,,,,,,,,,,,1 or 2,"No barriers, or the need did not arise",None of them,Critical bug fixes,Weekly,7,"No, I don't code",3,3,4,3,Skeptical / Risk-averse (Preferred proprietary alternatives due to liability concerns),None of the above,No,No,No,No,Moderately sustainable (Stable but reliant on a few key individuals/companies),Thank you for conducting this survey.
6/3/2026 17:38:45,North America,Computational Imaging and Machine Learning,I don't write or review code or documentation,Academia or research institute,1000 to 9999 employees,Strongly preferr open-source options,Daily,"Transparency and mathematical auditability of the underlying physics/algorithms, Better interoperability and alignment with open data standards, There are no proprietary alternatives",No,"Yes, more than one","Yes, more than one",2 to 5 others,Fully supported and done during my paid organizational working hours,Joint Industry Projects (JIPs) / Corporate consortiums,So-so,So-so,So-so,So-so,Hopeful,Hopeful,So-so,So-so,So-so,So-so,Anxious or exposed,Nervous,None,"Lack of institutional time, permission, or career incentives",,,Continuously,8,"Yes, occasionally",2,2,4,4,"Supportive but passive (Permitted, but not actively strategized)",Implemented an Open Source Program Office (OSPO) or similar open source team,No,No,No,No,Moderately sustainable (Stable but reliant on a few key individuals/companies),Next time please also have academicians in mind. I was not able to precisely answer several questions in my capacity as a university professor. Thanks.
6/5/2026 11:36:51,Europe,"Software engineering, computer science, data science",Between 20% and 50%,Government or regulatory body,100 to 999 employees,Strongly preferr open-source options,"Never, or I don't perform this kind of work",,,"Yes, more than one",No,2 to 5 others,Fully supported and done during my paid organizational working hours,Public academic grants or government-funded research initiatives,Hopeful,Hopeful,Hopeful,Hopeful,So-so,Hopeful,Nervous,Nervous,So-so,So-so,Nervous,So-so,1 or 2,"Lack of institutional time, permission, or career incentives",None of them,"Created issues or enhancment requests, Typos and small fixes to documentation, Non-critical bug fixes, Improved existing tests, Added new tests",Weekly,5,"Yes, occasionally",4,4,5,2,"Supportive but passive (Permitted, but not actively strategized)","Expressed a preference for open source software, Defined a clear and visible open source strategy, Joined or associated with open source organizations, Funded open source (via foundation membership, sponsorship of individual developers, donations, etc), Explicitly provided engineering or infrastructure support to open source projects",No,No,No,No,Moderately sustainable (Stable but reliant on a few key individuals/companies),"I don't work on sub-surface so some of my questions reflect the wider open-source geospatial community.

While we haven't had dependencies attacked, we now spend significant time updating dependencies where vulnerabilities have been identified."
6/6/2026 19:10:36,Europe,"Applied sciences, eg economic geology, geophysics",I don't write or review code or documentation,Academia or research institute,100 to 999 employees,Lean toward open-source options,Daily,"Cost / No licensing fees, Extensibility (ability to write custom plugins/scripts)",No,No,,,,,,,,,,,,,,,,,1 or 2,"Lack of institutional time, permission, or career incentives",None of them,"Created issues or enhancment requests, Typos and small fixes to documentation, More substantial fixes to documentation or comments",Weekly,6,"Yes, occasionally",3,3,5,4,Indifferent or unaware,None of the above,"Yes, with negative effects on us",No,No,No,Moderately sustainable (Stable but reliant on a few key individuals/companies),
6/7/2026 11:07:55,North America,"Software engineering, computer science, data science",More than 50%,Service or technology company,1 to 9 employees,Lean toward open-source options,Daily,"Transparency and mathematical auditability of the underlying physics/algorithms, Extensibility (ability to write custom plugins/scripts)",No,"Yes, more than one","Yes, more than one",2 to 5 others,Partially supported (done occasionally/informally during working hours),Public academic grants or government-funded research initiatives,Excited or safe,Hopeful,Hopeful,Hopeful,So-so,Hopeful,So-so,So-so,Excited or safe,Excited or safe,Excited or safe,Excited or safe,More than 10,"No barriers, or the need did not arise",Most of them,"Created issues or enhancment requests, Typos and small fixes to documentation, More substantial fixes to documentation or comments, Non-critical bug fixes, Critical bug fixes, Features, Improved existing tests, Added new tests, Data contributions, Structured user testing and feedback, CI/CD, infrastructure or devops support",Daily,5,"Yes, frequently",3,3,4,4,Enthusiastic (Viewed as a core competitive advantage),"Defined a clear and visible open source strategy, Joined or associated with open source organizations, Funded open source (via foundation membership, sponsorship of individual developers, donations, etc), Explicitly provided engineering or infrastructure support to open source projects, Defined a public position on open source",No,"Yes, with positive effects on us",No,No,Moderately sustainable (Stable but reliant on a few key individuals/companies),
6/7/2026 11:10:29,Africa / Middle East,"Applied sciences, eg economic geology, geophysics",More than 50%,Academia or research institute,10 000 or more employees,Strongly preferr open-source options,Daily,"Extensibility (ability to write custom plugins/scripts), Better interoperability and alignment with open data standards","Yes, multiple times","Yes, one","Yes, one",One other,Partially supported (done occasionally/informally during working hours),Unknown or unsure,Excited or safe,Excited or safe,Hopeful,Hopeful,Excited or safe,Excited or safe,Hopeful,Hopeful,Hopeful,Hopeful,So-so,Hopeful,1 or 2,"Lack of institutional time, permission, or career incentives, Lack of clear developer documentation or onboarding guidance",A few of them,"Created issues or enhancment requests, Typos and small fixes to documentation",Continuously,8,"Yes, frequently",3,3,3,3,Enthusiastic (Viewed as a core competitive advantage),None of the above,No,No,No,No,Moderately sustainable (Stable but reliant on a few key individuals/companies),
6/7/2026 11:35:16,Europe,"Software engineering, computer science, data science",More than 50%,Service or technology company,1 to 9 employees,Strongly preferr open-source options,Daily,"Cost / No licensing fees, Transparency and mathematical auditability of the underlying physics/algorithms, Extensibility (ability to write custom plugins/scripts)",No,"Yes, one","Yes, one",2 to 5 others,Fully supported and done during my paid organizational working hours,"A single industry source, eg private company",So-so,Hopeful,So-so,So-so,Hopeful,Excited or safe,Nervous,So-so,So-so,So-so,Excited or safe,Hopeful,None,"No barriers, or the need did not arise",,,Daily,4,"Yes, frequently",3,3,2,2,Enthusiastic (Viewed as a core competitive advantage),"Expressed a preference for open source software, Explicitly provided engineering or infrastructure support to open source projects, Defined a public position on open source",No,No,"Yes, with no effect on us","Yes, with negative effects on us",Moderately sustainable (Stable but reliant on a few key individuals/companies),
6/7/2026 14:45:12,Europe,"Software engineering, computer science, data science",Between 20% and 50%,ISV and academic,100 to 999 employees,Strongly preferr open-source options,Daily,"Transparency and mathematical auditability of the underlying physics/algorithms, Extensibility (ability to write custom plugins/scripts), Better interoperability and alignment with open data standards","Yes, multiple times","Yes, more than one","Yes, more than one",2 to 5 others,Fully supported and done during my paid organizational working hours,"A single industry source, eg private company",Excited or safe,Excited or safe,Excited or safe,Hopeful,So-so,Hopeful,Nervous,So-so,Hopeful,Hopeful,Excited or safe,Excited or safe,3 to 5,"No barriers, or the need did not arise",A few of them,"Created issues or enhancment requests, Typos and small fixes to documentation, More substantial fixes to documentation or comments, Non-critical bug fixes, Critical bug fixes, Features, Improved existing tests, Added new tests, Security-related input, CI/CD, infrastructure or devops support, Administrative support, fundraising, or project steering",Continuously,5,"Yes, frequently",4,4,4,4,Enthusiastic (Viewed as a core competitive advantage),"Expressed a preference for open source software, Defined a clear and visible open source strategy, Joined or associated with open source organizations, Funded open source (via foundation membership, sponsorship of individual developers, donations, etc), Explicitly provided engineering or infrastructure support to open source projects, Implemented an Open Source Program Office (OSPO) or similar open source team, Defined a public position on open source",No,No,No,No,"Highly sustainable (Well-funded, robust contributor pipelines)",
6/7/2026 15:35:02,South America,"Applied sciences, eg economic geology, geophysics",I don't write or review code or documentation,Operating company,100 to 999 employees,Lean toward open-source options,Monthly,Extensibility (ability to write custom plugins/scripts),Unsure,No,,,,,,,,,,,,,,,,,None,"Lack of institutional time, permission, or career incentives",,,Daily,7,"Yes, occasionally",3,3,4,5,Indifferent or unaware,None of the above,No,No,No,No,Fragile / At risk of severe maintainer burnout or code rot,
6/7/2026 15:56:59,Europe,"Applied sciences, eg economic geology, geophysics",Between 20% and 50%,Academia or research institute,10 to 99 employees,Lean toward open-source options,Daily,"Cost / No licensing fees, Transparency and mathematical auditability of the underlying physics/algorithms, Extensibility (ability to write custom plugins/scripts)",No,No,,,,,,,,,,,,,,,,,1 or 2,"I did not know, or was not sure, that I could contribute, Overly complex contribution pipelines (e.g., confusing CLA sign-offs, rigid CI/CD testing), Lack of clear developer documentation or onboarding guidance",All of them,"More substantial fixes to documentation or comments, Features",Weekly,7,"Yes, occasionally",4,4,4,4,"Supportive but passive (Permitted, but not actively strategized)","Expressed a preference for open source software, Defined a clear and visible open source strategy, Joined or associated with open source organizations",No,No,No,No,Fragile / At risk of severe maintainer burnout or code rot,